{
  "notes": [],
  "pbr_rgb_vs_render_gap": {
    "lpips_delta": -0.07833755016326904,
    "mae_delta": -0.2007497251033783,
    "psnr_delta": 3.759239268367639,
    "status": "ok"
  },
  "targets": {
    "albedo": {
      "lpips": 0.930651068687439,
      "mae": 0.6693639159202576,
      "psnr": 2.5404830373553726,
      "ssim": 0.18325059115886688,
      "total_views": 1,
      "valid_views": 1
    },
    "diffuse": {
      "lpips": 0.9636480212211609,
      "mae": 0.49912571907043457,
      "psnr": 4.358250078533302,
      "ssim": 0.3276011645793915,
      "total_views": 1,
      "valid_views": 1
    },
    "pbr_rgb": {
      "lpips": 0.8868467807769775,
      "mae": 0.37779131531715393,
      "psnr": 7.108479502505233,
      "ssim": 0.5674270987510681,
      "total_views": 1,
      "valid_views": 1
    },
    "render": {
      "lpips": 0.9651843309402466,
      "mae": 0.5785410404205322,
      "psnr": 3.3492402341375938,
      "ssim": 0.2216537743806839,
      "total_views": 1,
      "valid_views": 1
    },
    "spec": {
      "lpips": 0.8189250826835632,
      "mae": 0.37866657972335815,
      "psnr": 6.945894469603633,
      "ssim": 0.6260547041893005,
      "total_views": 1,
      "valid_views": 1
    },
    "specular": {
      "lpips": 0.8189250826835632,
      "mae": 0.37866657972335815,
      "psnr": 6.945894469603633,
      "ssim": 0.6260547041893005,
      "total_views": 1,
      "valid_views": 1
    }
  }
}